Hr_user9,SHJfdXNlcjk6OjEyMw==,FECDFC6D48B96B6B4DBAFA9E7C36E405,c94b8a0d-9638-49fb-8f05-00ae087249ce,b8ed1295-9625-4be9-a11f-382c4ea442a0,07488ed6-93ff-402a-b5f7-2f9d5042bd11,730e576b-9203-4f58-a0d6-443596f656f7,21fa69c6-08f4-41ab-825b-3d86255ab9e0,en_US,qa-1
Hr_user10,SHJfdXNlcjEwOjoxMjM=,07E64707220A6B94E3F3244B740C8B20,89b7d65a-ac95-4f95-b080-094b56f3a990,49c3e925-b207-44f8-b105-44b549991415,1731d343-8a9d-4ead-92ee-a09795a9e3c0,730e576b-9203-4f58-a0d6-443596f656f7,44ff491e-37eb-4ce4-b3f6-7dbe024f80b7,en_US,qa-1
Hr_user11,SHJfdXNlcjExOjoxMjM=,550A8B7400C94007262D21952144BAD8,e98eaff3-0f17-40fd-805a-cb5780ad2ba4,3e173b7d-416c-410f-bce3-a3b35f753587,099c00e9-59d4-4428-8f33-454ff5020030,730e576b-9203-4f58-a0d6-443596f656f7,108037f9-2319-405b-a74e-6e68dc4a93a0,en_US,qa-1
Hr_user12,SHJfdXNlcjEyOjoxMjM=,C86B84495AD955B689A2CC4E228BA775,ad70faab-1b17-4065-bebb-16177de2f105,50f43fbe-1fbe-4a9a-900a-53afd7a5286c,0951b410-ba79-4796-be68-77bd7820c9bf,730e576b-9203-4f58-a0d6-443596f656f7,1bab2b85-8a92-4363-a121-5d86e997dc73,en_US,qa-1
Hr_user13,SHJfdXNlcjEzOjoxMjM=,5985B15CC40912B7A3045E5DF8908EB1,1a518f33-4346-49a6-b1e1-ac0b828e5297,8a7b1c56-c3d1-4e8e-9daa-82a72d66b28e,7bb11649-7d7a-4fbd-83bd-40850b9e8106,730e576b-9203-4f58-a0d6-443596f656f7,4d04a05c-cd1f-44a2-af24-50ce14b2f58e,en_US,qa-1
Hr_user14,SHJfdXNlcjE0OjoxMjM=,566008B3E55935472740024C21A11398,21fe70c0-1d12-4e69-9403-506da9325672,dfc07624-3de3-4473-9782-0c6a120013aa,d6ed5ab3-f775-4219-83cb-6b9bb815b2e6,730e576b-9203-4f58-a0d6-443596f656f7,21fa69c6-08f4-41ab-825b-3d86255ab9e0,en_US,qa-1
Hr_user15,SHJfdXNlcjE1OjoxMjM=,A081223C451D63103258389596309B35,2b27704d-e3fa-49c0-ad9c-383ac3cfec1c,f55a3073-be43-45d0-abed-1d0dd65f366c,95e1f4b5-821f-421e-bfad-13be1e377ae0,730e576b-9203-4f58-a0d6-443596f656f7,f8960ba2-29e1-4a3e-bd35-4952fd338fb6,en_US,qa-1
Hr_user16,SHJfdXNlcjE2OjoxMjM=,92C5906308CCC6589A7EB137CEB27C42,6be3b29e-562e-4dac-b200-a6f921624662,ce07f5d3-3ddd-4cb6-9b34-c89ea429bbe9,b4249358-d388-452c-a87a-5aa148cd8a2b,730e576b-9203-4f58-a0d6-443596f656f7,6abc0ba8-c331-46e4-b35f-587bd5d3a93b,en_US,qa-1
Hr_user17,SHJfdXNlcjE3OjoxMjM=,63A911196340F4C3671C594768F90C2E,39402808-4827-41c5-992c-f07f6ec1655f,f2361679-71f0-4321-b484-96d862716ae6,96b6380a-2ef8-4682-8618-566a7c0c5e1f,730e576b-9203-4f58-a0d6-443596f656f7,7f9ca07f-b642-4441-942a-3186162242eb,en_US,qa-1
Hr_user18,SHJfdXNlcjE5OjoxMjM=,F9274A42881FCDAC0A8167F639237CC4,3b95b001-c3a6-4604-9b6b-ef14d90729fb,8d22e77e-a1f2-4bde-9847-84c262cdff4e,b8e1e227-f5d5-41d0-89b1-14f232492d40,730e576b-9203-4f58-a0d6-443596f656f7,7617eb5a-a9dd-44aa-99f9-5798105586e8,en_US,qa-1
admin,YWRtaW46OlBhc3NAMTIzJA==,734C92447AE6560977EAFF81BA3531BD,507b5cfc-8499-43ae-85fc-bd9cd34567b0,10a4bdfb-9b5c-46f1-84b0-a750d15d0c4a,-1,730e576b-9203-4f58-a0d6-443596f656f7,108037f9-2319-405b-a74e-6e68dc4a93a0,en_US,qa-1
Hr_user18,SHJfdXNlcjI6OjEyMw==,DD7B098EF07FB7CCB371E19ED90D8459,a39ec7ea-1ee8-4f5c-8f7f-fb07321cfbde,29d75a9e-84c0-48ae-8abc-f9531b7fb2c0,b1b60336-afd2-476c-a3fe-a93a8f9b7f50,730e576b-9203-4f58-a0d6-443596f656f7,21fa69c6-08f4-41ab-825b-3d86255ab9e0,en_US,qa-1
Hr_user1,SHJfdXNlcjE6OjEyMw==,19D7D7BD35B5B5C02F21C556D636E5F6,9b83157d-7073-4901-a62e-533f6634bcd5,0c6332eb-8012-40f2-b948-676a347947ba,8b522b54-2dc2-4fbd-80c3-aa1212513782,730e576b-9203-4f58-a0d6-443596f656f7,02830eae-0c30-4f85-9456-9986defc3596,en_US,qa-1
Hr_user2,SHJfdXNlcjI6OjEyMw==,EC82955C93C2774B4160164A8EF5D19C,fb7f2fbb-b6c8-4096-a332-dd861ca8baf5,ab676d52-d4be-4681-a657-2f5b3c8d844e,a52feb06-5ab6-4bb4-90e2-fd4d5518edfa,730e576b-9203-4f58-a0d6-443596f656f7,21fa69c6-08f4-41ab-825b-3d86255ab9e0,en_US,qa-1
Hr_user3,SHJfdXNlcjM6OjEyMw==,CF37A9AC5C603A5156E2AD89091EB662,a06f48be-85a5-44f4-bf22-c9c9d8578f5b,fca24c12-91ff-4374-9ac7-db3284622c41,02a6b554-afc7-4a78-9203-054d3975a95e,730e576b-9203-4f58-a0d6-443596f656f7,d638ea0f-2c97-472d-ba60-694103ab65af,en_US,qa-1
Hr_user4,SHJfdXNlcjQ6OjEyMw==,6F8C3C210BFB2219FE3B19FB3F54AE41,8d5f092b-99e1-4294-b286-ad54afb24d1a,8d70215c-d00e-42fa-bd49-58dbf91a6bd3,7161dde9-a8e6-46b7-b8ea-5231ae5a6c38,730e576b-9203-4f58-a0d6-443596f656f7,21fa69c6-08f4-41ab-825b-3d86255ab9e0,en_US,qa-1
Hr_user5,SHJfdXNlcjU6OjEyMw==,19D7D7BD35B5B5C02F21C556D636E5F6,9324b6a9-0aa7-4437-b74a-8bec161f89be,a630864a-62e2-4136-a6e0-98fbc93bbcbc,d971b051-4a88-41c8-aef3-e52588bfd076,730e576b-9203-4f58-a0d6-443596f656f7,ba35efa1-fc28-4f23-90e4-5a099186fd74,en_US,qa-1
Hr_user6,SHJfdXNlcjY6OjEyMw==,6FAB36716C9ABF17D8D7EE7FF74B9D63,07cbbf59-52ce-47d8-aee1-52da0395d2e7,89d33b22-84dc-41f3-9889-0cfa649ca513,151add0a-d8be-4834-b93e-fc4ed6ab3972,730e576b-9203-4f58-a0d6-443596f656f7,71972599-74be-42e6-8e28-f029d5bd8659,en_US,qa-1
Hr_user7,SHJfdXNlcjc6OjEyMw==,731D429FF2C74C8F1FB97CEEF5493A1E,706159ab-a106-4d2c-aa53-911e9df01d72,ddf05b16-9392-42b2-ac0d-480590f9bffb,6f90eaf4-798b-4157-884f-a57a6363a0c0,730e576b-9203-4f58-a0d6-443596f656f7,21fa69c6-08f4-41ab-825b-3d86255ab9e0,en_US,qa-1
Hr_user8,SHJfdXNlcjg6OjEyMw==,E497D1118E46A7295B4E35235D9D689A,85fa420a-c1dc-4e1a-95fb-5bf89efe3415,66b9eeae-7766-47f3-824f-f6d23256a630,dc5b8992-12cf-45ee-990a-64134f372e08,730e576b-9203-4f58-a0d6-443596f656f7,1f507319-aa5e-43f6-962d-40ab45a6c939,en_US,qa-1
userName,password,loginID,sessionId,requestId,organizationId,userid,ClasstaxonomyId,lang,system
